;playlist_id
0;4l1CEhc7ZPbaEtiPdCSGbl
1;1mNmt0VqjbYH1WCHZDT9yL
2;2oERu0baZbTfhoopJeYjq5
3;4JnuqMuz4LrGUzIGGUjfdw
4;37i9dQZF1DXd0Y4aXXQXWv
5;37i9dQZF1DWSBZhfF4ZHr8
6;37i9dQZF1DX9h4FeDa1xsw
7;37i9dQZF1DWXRqgorJj26U
8;37i9dQZF1DWXTHBOfJ8aI7
9;37i9dQZF1DWWwzidNQX6jx
10;37i9dQZF1DX1spT6G94GFC
11;37i9dQZF1DX1rVvRgjX59F
12;37i9dQZF1DX3oM43CtKnRV
13;37i9dQZF1DWWzBc3TOlaAV
14;37i9dQZF1DWSrqNVMcxGKc
15;37i9dQZF1DX0AgrgHFR9aa
16;37i9dQZF1DX186v583rmzp
17;37i9dQZF1DWYmmr74INQlb
18;37i9dQZF1DWXbttAJcbphz
19;37i9dQZF1DX6VDO8a6cQME
20;37i9dQZF1DWWOaP4H0w5b0
21;37i9dQZF1DWWGI3DKkKGzJ
22;37i9dQZF1DWWl7MndYYxge
23;37i9dQZF1DWSvv6VnIb3i0
24;37i9dQZF1DXacPj7eARo6k
25;37i9dQZF1DX69KJk2S04Hp
26;37i9dQZF1DX7LGssahBoms
27;37i9dQZF1DX4WELsJtFZjZ
28;7xh5J2B7Q07o1zMr61fY39
29;6tyX6gCq27jSmnlPqTPMna
30;6WgChJyRl2rwqy2GT5wqkf
31;6KFgNNf7wMYZTUleaXWLGV
32;64pqv88Pv17rg5wh1wqvBl
33;3Nln7j2Sm8XCIlIoBRoUY2
34;7gReNdpp6a1Cqcl3bpsSce
35;1H4VHj0cxUCwJFzlELZvui
36;7HteAXMTMj7Ogsl5ldIApo
37;3NJrEK6haivxJ6nhvkS7iy
38;4t5FzcxNPxMe6zhbVwcZwy
