imdb_id,en_name
tt0450314,Punisher: War Zone
tt0080365,American Gigolo
tt4935418,Baskin
tt0050280,The Curse of Frankenstein
tt8099132,Black Mother
tt0454065,The Aerial
tt6462506,The Day After
tt1534085,Beyond the Black Rainbow
tt2334733,Madame Bovary
tt0085852,Liquid Sky
tt0115964,Crash
tt4035268,Cosmos
tt0067958,WR: Mysteries of the Organism
tt8372298,Swallow
tt5058014,Weirdos
tt0330099,The Brown Bunny
tt0181549,Furia
tt0093565,Moonstruck
tt0067085,Fata Morgana
tt0055022,Erik the Conqueror
tt0067386,The Legend of Doom House
tt2147319,Herutâ sukerutâ
tt0049263,The Girl Can't Help It
tt0416220,Kamikaze Girls
tt0100998,Dreams
tt1173745,Revanche
tt0120275,The Tango Lesson
tt0068863,Lisa and the Devil
tt0060464,"Ebirah, Horror of the Deep"
tt0200720,The House of Mirth
tt0099395,Def by Temptation
tt0109655,Double Happiness
tt2121382,Force Majeure
tt0099180,Bride of Re-Animator
tt0022827,Doctor X
tt0059800,Thunderball
tt0119256,Hard Eight
tt3544082,45 Years
tt3908142,The Love Witch
tt1127715,Sin Nombre
tt0091578,My Beautiful Laundrette
tt0085489,L'enfant secret
tt1020559,Patagonia
tt6081670,Possum
tt0067445,Death in Venice
tt0167925,"Late August, Early September"
tt1594562,The Innkeepers
tt1049402,Howl
tt6624144,A Good Woman Is Hard to Find
tt0076686,The Serpent's Egg
tt1470023,MacGruber
tt7950334,The Mountain
tt0063342,Innocence Unprotected
tt1887785,The Legend of Kaspar Hauser
tt3442006,Cake
tt0080610,The Last Metro
tt0299478,Saraband
tt0407621,Calvaire
tt5717492,Small Crimes
tt0078763,Camera Buff
tt0078147,The Kingdom of Naples
tt0092117,True Stories
tt0103956,Child's Play 3
tt0095488,The Lair of the White Worm
tt1407065,The Moth Diaries
tt0293113,Dracula: Pages from a Virgin's Diary
tt0101991,Rhapsody in August
tt0039192,Black Narcissus
tt0063426,Petulia
tt0098226,Roselyne and the Lions
tt0084719,The New York Ripper
tt0057058,The Fire Within
tt4630550,The Unknown Girl
tt1864405,Low Down
tt3110960,Jimmy's Hall
tt0023649,Vampyr
tt0062751,Boom!
tt0014142,The Hunchback of Notre Dame
tt0103316,Yumeji
tt0385887,Motherless Brooklyn
tt0067962,Beware of a Holy Whore
tt0367089,The Squid and the Whale
tt0055082,"Léon Morin, Priest"
tt4270452,Seven Stages to Achieve Eternal Bliss
tt0078326,Straight Time
tt4761112,The Mauritanian
tt1431181,Another Year
tt3395184,Spring
tt1691920,I Melt with You
tt1560747,The Master
tt0409345,Surveillance
tt3235888,It Follows
tt0052328,Head Against the Wall
tt0060675,Masculin Féminin
tt0338095,High Tension
tt0059592,Pierrot le Fou
tt0084777,Tenebrae
tt0066892,Carnal Knowledge
tt0077751,Alexandria... Why?
tt0095217,Ghosts... of the Civil Dead
tt0073233,Katie Tippel
tt5796156,Room for Rent
tt0035015,The Magnificent Ambersons
tt6198946,The Hole in the Ground
tt6372694,Prisoners of the Ghostland
tt0095675,Women on the Verge of a Nervous Breakdown
tt3892172,Leave No Trace
tt0166110,Bones
tt1160419,Dune
tt4632440,The Dancer
tt5989220,Claire's Camera
tt1869716,The East
tt0098253,Santa Sangre
tt0096332,The Unbearable Lightness of Being
tt0061395,Belle de Jour
tt2217859,Louder Than Bombs
tt0074312,Chinese Roulette
tt0063285,Witchfinder General
tt0065553,Five Dolls for an August Moon
tt0064781,Fruit of Paradise
tt1788391,Kill List
tt0061856,Son of Godzilla
tt3993894,Queen of Earth
tt0058557,Seance on a Wet Afternoon
tt0072962,F for Fake
tt0068611,Frenzy
tt8637428,The Farewell
tt0054177,Le Petit Soldat
tt2893490,Manglehorn
tt0451094,Lady Vengeance
tt0028165,Redes
tt0295743,Friday Night
tt1966604,The Imposter
tt0070116,Successive Slidings of Pleasure
tt10633456,Minari
tt0064588,Love Is Colder Than Death
tt0265459,One Hour Photo
tt6303866,Beach Rats
tt0140379,A Midsummer Night's Dream
tt0067690,Daughters of Darkness
tt0152015,Pola X
tt0019071,The Last Command
tt0118819,Live Flesh
tt7242142,Blindspotting
tt5687334,Godard Mon Amour
tt0064280,Eika Katappa
tt0101420,Begotten
tt0067924,Vampire Circus
tt0093349,King Lear
tt0087100,Crimes of Passion
tt0088461,What Have I Done to Deserve This?
tt0095895,Powaqqatsi
tt0071807,The Man with the Golden Gun
tt0058544,"Ghidorah, the Three-Headed Monster"
tt0203119,Sexy Beast
tt1100048,35 Shots of Rum
tt6000478,"Roman J. Israel, Esq."
tt0102687,Poison
tt0079641,Nosferatu the Vampyre
tt0084549,Blind Chance
tt0061101,Tokyo Drifter
tt0044000,The White Sheik
tt0112625,Candyman: Farewell to the Flesh
tt2204080,Wildlike
tt0059792,Planet of the Vampires
tt1700844,The Deep Blue Sea
tt9356952,The Death of Dick Long
tt2349144,Mississippi Grind
tt0102035,Highway 61
tt0096863,My Twentieth Century
tt0070263,Kamouraska
tt0111689,What Happened Was...
tt7645780,The Wedding Guest
tt0076752,The Spy Who Loved Me
tt0117958,Trees Lounge
tt0071695,Lone Wolf and Cub: White Heaven in Hell
tt0415978,Me and You and Everyone We Know
tt0068290,Blood from the Mummy's Tomb
tt0081150,Melvin and Howard
tt0381505,Pretty Persuasion
tt8708304,I Trapped the Devil
tt0099768,Hidden Agenda
tt1127877,Cold Souls
tt1951181,The Immigrant
tt0065851,The Horror of Frankenstein
tt0116005,The Day a Pig Fell Into the Well
tt7125860,If Beale Street Could Talk
tt3591436,Night Owls
tt1153690,Ballast
tt4054654,Dog Eat Dog
tt0066380,Vampyros Lesbos
tt5516328,Ghost Stories
tt0074512,Family Plot
tt0073540,Picnic at Hanging Rock
tt0125217,The Discarnates
tt0101273,The Adjuster
tt0387055,Battle in Heaven
tt0123368,...and the Fifth Horseman Is Fear
tt3914332,Dean
tt6257174,The Miseducation of Cameron Post
tt0756729,Year of the Dog
tt3343784,Entertainment
tt1623745,Little Birds
tt0072979,Female Trouble
tt0080397,From the Life of the Marionettes
tt0844286,The Brothers Bloom
tt12676326,Malcolm & Marie
tt0057611,The Silence
tt5598102,Faces Places
tt0071396,Messiah of Evil
tt0075963,The Wishing Tree
tt4266076,The Night Eats the World
tt0089015,Desert Hearts
tt0060955,Seconds
tt4068576,The Nightingale
tt4144190,Wiener-Dog
tt2692904,Locke
tt3263614,"Kumiko, The Treasure Hunter"
tt0080360,Altered States
tt3218580,Alleluia
tt0040979,Drunken Angel
tt0067341,Let's Scare Jessica to Death
tt1877830,The Batman
tt0093295,Jane B. for Agnes V.
tt2815902,The Childhood of a Leader
tt0109688,Ashes of Time
tt5895028,13th
tt0299458,All the Real Girls
tt0065724,Five Easy Pieces
tt0058283,Lady in a Cage
tt3305844,Hellions
tt0065036,Stereo (Tile 3B of a CAEE Educational Mosaic)
tt0094320,White of the Eye
tt2326554,A Girl Walks Home Alone at Night
tt10314450,Becky
tt0057076,From Russia with Love
tt0089343,Insignificance
tt2113636,Colt 45
tt8015444,Last and First Men
tt8291806,Pain and Glory
tt0085356,Conquest
tt0075244,The Song Remains the Same
tt4291600,Lady Macbeth
tt4197642,A Date for Mad Mary
tt0075335,Todo modo
tt6418918,Little Woods
tt0075675,The American Friend
tt1691323,Attenberg
tt2818654,Cemetery of Splendor
tt0094675,Ariel
tt4935334,Southbound
tt4427840,Florida Man
tt0171685,Ratcatcher
tt0101962,Godzilla vs. King Ghidorah
tt3986820,The Endless
tt0071269,California Split
tt0119347,I Want You
tt0095812,Paganini Horror
tt4936450,Graduation
tt0056581,Therese
tt0093428,The Living Daylights
tt0066849,The Blood on Satan's Claw
tt10243992,I'm Your Woman
tt0117407,Pusher
tt12536294,Spencer
tt0055499,Through a Glass Darkly
tt0454841,The Hills Have Eyes
tt0076162,House
tt0103253,Whore
tt8134742,3 from Hell
tt0061882,Branded to Kill
tt1334537,Humpday
tt0107315,Kika
tt0162346,Ghost World
tt0091670,The Sacrifice
tt5501104,Border
tt0062885,The Devil Rides Out
tt0138946,The Yards
tt0053137,On the Beach
tt1959438,Kiss of the Damned
tt0116722,Jude
tt2717822,Blackhat
tt2366608,Lost River
tt5705306,Celeste
tt1570583,For Ellen
tt0083722,Cat People
tt1937390,Nymphomaniac: Vol. I
tt0041399,Prison
tt0050873,Quatermass 2
tt0114323,Safe
tt1780798,Clown
tt1821593,Rundskop
tt0102383,Malina
tt0098209,Roadkill
tt0086154,Psycho II
tt15097216,Jai Bhim
tt3720788,The Disappearance of Eleanor Rigby: Her
tt0228853,"Throw Away Your Books, Rally in the Streets"
tt0430912,Basic Instinct 2
tt0048750,The Trouble with Harry
tt0052017,Brink of Life
tt1712261,Triple 9
tt5536736,The Meyerowitz Stories
tt2044729,A Glimpse Inside the Mind of Charles Swan III
tt1790834,Simon Killer
tt6464678,Housewife
tt0071384,Daguerreotypes
tt0053740,The Concrete Jungle
tt0044060,Summer Interlude
tt0056138,Kid Galahad
tt8075260,Someone Great
tt0362270,The Life Aquatic with Steve Zissou
tt0063350,Night of the Living Dead
tt4385888,20th Century Women
tt7158430,Hearts Beat Loud
tt7715270,Adoration
tt0067541,Wake in Fright
tt0083190,Thief
tt1984153,Excision
tt0055230,Night Tide
tt0345549,Last Life in the Universe
tt4666726,Christine
tt0091495,Matador
tt9620292,Promising Young Woman
tt6688354,The Field Guide to Evil
tt2301592,The Dance of Reality
tt5340300,Lean on Pete
tt3824458,Tangerine
tt0119496,In the Presence of a Clown
tt0060647,Made in U.S.A
tt0067580,Pink Narcissus
tt0061620,Elvira Madigan
tt0066122,Deep End
tt1152850,Wendy and Lucy
tt0065649,Dodes'ka-den
tt2328813,Hard to Be a God
tt9056192,Zombi Child
tt0162677,Summer of Sam
tt0059170,"Faster, Pussycat! Kill! Kill!"
tt0066995,Diamonds Are Forever
tt9115530,The Eyes of Tammy Faye
tt0058888,Red Beard
tt0212772,The Annihilation of Fish
tt0054494,Zazie dans le Métro
tt1489167,Down Terrace
tt0189092,"Simon, the Magician"
tt0086153,First Name: Carmen
tt0059063,Man Is Not a Bird
tt7833606,Girls und Panzer das Finale: Part I
tt4460792,Calm with Horses
tt0018839,The Docks of New York
tt4638148,Dying to Play
tt6887624,Hanagatami
tt0055830,Carnival of Souls
tt0113083,The Flower of My Secret
tt0058985,Le Bonheur
tt1237838,Mystery Team
tt8725958,Hotel by the River
tt0047976,Dementia
tt3835080,31
tt0209463,The Wind Will Carry Us
tt0102116,The Indian Runner
tt11274100,Archenemy
tt0297884,Far from Heaven
tt0122571,The Arrival of Joachim Stiller
tt5825380,Wonder Wheel
tt2920808,God's Pocket
tt0468489,Half Nelson
tt2024417,Go Down Death
tt0071203,Belladonna of Sadness
tt2924442,The Pact II
tt1846472,Something in the Air
tt1179025,The Extraordinary Adventures of Adèle Blanc-Sec
tt1045658,Silver Linings Playbook
tt0088931,The Coca-Cola Kid
tt0023458,Shanghai Express
tt3284178,Arabian Nights: Volume 1 - The Restless One
tt0120399,U Turn
tt0087164,Dong dong de jiàqi
tt0071733,"Lacombe, Lucien"
tt4057376,I Am Dragon
tt0023196,Mata Hari
tt7983894,Ammonite
tt4334266,The Bad Batch
tt1588398,Sleeping Beauty
tt0074156,Assault on Precinct 13
tt0070040,The Spirit of the Beehive
tt6018306,Last Flag Flying
tt0071233,Blood for Dracula
tt0791303,A Summer in Genoa
tt1024715,Choke
tt2115295,Ginger & Rosa
tt0066516,Valerie and Her Week of Wonders
tt0097240,Drugstore Cowboy
tt1560139,Boy
tt0345061,Code 46
tt0770802,Samsara
tt5774450,Summer of 84
tt0082272,The Strange Case of Dr. Jekyll and Miss Osbourne
tt0063172,Destroy All Monsters
tt0077530,Eyes of Laura Mars
tt3115712,The Heart Machine
tt5827212,Let the Corpses Tan
tt0111112,The Secret of Roan Inish
tt2935476,Far from the Madding Crowd
tt0092637,The Belly of an Architect
tt0067647,The Canterbury Tales
tt1233219,"My Son, My Son, What Have Ye Done"
tt0082841,Olivia
tt1709143,The Last Days on Mars
tt9770150,Nomadland
tt9026184,Girl on the Third Floor
tt0085701,The Hunger
tt0381668,Tropical Malady
tt0063268,Mandabi
tt0096764,The Adventures of Baron Munchausen
tt4151212,T-Rex
tt2716382,Sea Fever
tt1361843,Van Diemen's Land
tt2359024,Blue Ruin
tt0058430,Onibaba
tt7472352,Shirkers
tt9016974,Synchronic
tt1674775,Keyhole
tt0076263,Killer of Sheep
tt2309224,Big Bad Wolves
tt5834262,Hotel Artemis
tt0085496,Dark Habits
tt7134096,The Rhythm Section
tt0067227,The Merchant of Four Seasons
tt0065436,Even Dwarfs Started Small
tt0063366,Nostra signora dei turchi
tt0093371,Kung-Fu Master!
tt9015178,The Return of Godzilla
tt0103030,High Heels
tt0104036,The Crying Game
tt0070544,Fantastic Planet
tt0054687,Blast of Silence
tt0012494,Der müde Tod
tt0952682,Shotgun Stories
tt0086961,No End
tt0063759,Hour of the Wolf
tt0117221,Nénette et Boni
tt0067979,Whity
tt0086542,Life Is a Bed of Roses
tt0091799,Psycho III
tt1945228,Voyage of Time: Life's Journey
tt0054099,Mill of the Stone Women
tt0073629,The Rocky Horror Picture Show
tt0057495,Shock Corridor
tt0120393,Twilight of the Ice Nymphs
tt0071222,Black Christmas
tt0082275,Documenteur
tt1714886,Post Mortem
tt1037223,Everyday
tt6135348,BPM (Beats Per Minute)
tt8759834,Selah and the Spades
tt0286261,All or Nothing
tt0093605,Near Dark
tt0099691,Graffiti Bridge
tt0109759,Exotica
tt0022235,The Threepenny Opera
tt2517658,The Canal
tt0047203,Magnificent Obsession
tt0449086,Dominion
tt1172206,Somers Town
tt0494222,Eagle vs Shark
tt0108394,Three Colors: Blue
tt9614440,Mickey and the Bear
tt2479800,Palo Alto
tt0086890,L'amour à mort
tt0057710,An Actor's Revenge
tt2920540,"20,000 Days on Earth"
tt4158096,Free Fire
tt0070290,The Last Detail
tt4326444,Julieta
tt3687938,Good Favour
tt7014006,Eighth Grade
tt3208026,Black '47
tt0410764,Tideland
tt2007360,Computer Chess
tt5765144,Song Of Granite
tt0102307,Light Sleeper
tt4726636,Slack Bay
tt4578118,Rupture
tt11196036,The Card Counter
tt5628902,Rabid
tt0369672,A Love Song for Bobby Long
tt0100469,The Reflecting Skin
tt0092076,The Texas Chainsaw Massacre 2
tt0047840,Artists and Models
tt5128826,The Alchemist Cookbook
tt5116410,Tower
tt5278592,Kate Plays Christine
tt0366943,Reconstruction
tt0017075,The Lodger: A Story of the London Fog
tt0272207,Narc
tt0107027,Godzilla vs. Mechagodzilla II
tt0806203,Carriers
tt3608930,In a Valley of Violence
tt11317142,Shiva Baby
tt4720702,Bushwick
tt1498569,Restless
tt2872462,Mistress America
tt0080149,Woyzeck
tt0046521,I Vitelloni
tt0441909,Volver
tt0094681,Ashik Kerib
tt0057336,Muriel
tt1368116,Merantau
tt5059406,I Am the Pretty Thing That Lives in the House
tt0078259,The Shout
tt1135092,The Limits of Control
tt0053318,"Suddenly, Last Summer"
tt0024188,Island of Lost Souls
tt3286052,The Blackcoat's Daughter
tt0064373,All Monsters Attack
tt0083335,The War of the Worlds: Next Century
tt0094002,Soigne ta droite
tt10329614,Censor
tt0047167,A Lesson in Love
tt0065531,Le Cercle Rouge
tt0066266,Quackser Fortune Has a Cousin in the Bronx
tt0062292,The Sorcerers
tt2304426,The Selfish Giant
tt6511932,The Beach Bum
tt0117364,The Portrait of a Lady
tt0098606,The Voice of the Moon
tt1029234,Martyrs
tt0057443,The Evil Eye
tt9784798,Judas and the Black Messiah
tt0108583,Wittgenstein
tt0085533,The Boys from Fengkuei
tt0099634,The Garden
tt0057128,The Haunted Palace
tt3068194,Love & Friendship
tt0056883,The Boom
tt9894470,VFW
tt0052556,The Lovers
tt0111341,Satantango
tt2763304,T2 Trainspotting
tt0066858,The Boy Friend
tt0013933,The Faithful Heart
tt0163988,Bringing Out the Dead
tt0171865,Wonderland
tt0078269,The Silent Partner
tt5225428,Kissing Candice
tt0070022,Electra Glide in Blue
tt0019130,The Man Who Laughs
tt0757361,Margot at the Wedding
tt2388637,Ain't Them Bodies Saints
tt0067134,The Fifth Cord
tt5777628,One More Time with Feeling
tt0462335,High-Rise
tt0069593,Shadowman
tt0068371,Godzilla vs. Gigan
tt0393956,Viva
tt0143348,Lone Wolf and Cub: Baby Cart in Peril
tt3975510,One and Two
tt4353250,The Last Black Man in San Francisco
tt1690389,Vous n'avez encore rien vu
tt0041796,Reign of Terror
tt0091355,The Terrorizers
tt0940585,Brick Lane
tt0016847,Faust
tt0072976,Fox and His Friends
tt0071406,Pastoral: To Die in the Country
tt3089904,Violet
tt0072288,Thunderbolt and Lightfoot
tt0075165,Satan's Brew
tt0126604,Pecker
tt0309530,Down with Love
tt8396294,Darlin'
tt0066319,Ryan's Daughter
tt0093412,Law of Desire
tt1441940,Broken
tt0062376,"To Sir, with Love"
tt0443455,Brand Upon the Brain!
tt0067961,Wanda
tt0067144,The Go-Between
tt0057603,Black Sabbath
tt1976000,The Two Faces of January
tt0085951,The Boxer's Omen
tt6443294,Blaze
tt2793490,Starry Eyes
tt0092048,Tampopo
tt0111127,Serial Mom
tt8972256,Greed
tt0051406,Bell Book and Candle
tt1531924,The Disappearance of Eleanor Rigby: Him
tt9892094,Mogul Mowgli
tt0254686,The Piano Teacher
tt5929754,Wildlife
tt0073152,Kings of the Road
tt0439581,The Ugly Swans
tt3721936,American Honey
tt7952920,Relaxer
tt2234003,Calvary
tt0041870,The Quiet Duel
tt0096438,Who Framed Roger Rabbit
tt0043614,The Idiot
tt0435625,The Descent
tt8767908,Matthias & Maxime
tt0022485,Tokyo Chorus
tt0101930,Chizuko's Younger Sister
tt1615147,Margin Call
tt0249241,Werckmeister Harmonies
tt1462900,The Grandmaster
tt0179116,But I'm a Cheerleader
tt3278330,Tale of Tales
tt0041699,Stray Dog
tt0015768,Master of the House
tt0070842,Turkish Delight
tt2084989,Upstream Color
tt5973032,Antiporno
tt0118636,Apt Pupil
tt3280262,Cult of Chucky
tt0068638,The Getaway
tt0078870,Black Jack
tt0063026,"Goto, l'île d'amour"
tt0057191,It Happened at the World's Fair
tt0059160,Eva
tt0808526,Life During Wartime
tt0097884,May Fools
tt2268732,Museum Hours
tt0362478,The Box
tt0061014,Dr. Goldfoot and the Girl Bombs
tt0111201,Sirens
tt0073008,The Fortune
tt0090563,Betty Blue
tt0081687,Union City
tt0087909,Phenomena
tt0082966,The House by the Cemetery
tt0095836,Patty Hearst
tt2092011,What Richard Did
tt0063013,The Girl on a Motorcycle
tt0116447,Gray's Anatomy
tt8233874,Extra Ordinary
tt4669986,Loving
tt1093842,My Winnipeg
tt1780967,Seberg
tt0068619,Ganja & Hess
tt0095037,"Distant Voices, Still Lives"
tt5649108,Thoroughbreds
tt4348012,Mayhem
tt0123450,Ben ming nian
tt9074574,Dogs Don't Wear Pants
tt1598642,Z for Zachariah
tt0059742,The Sound of Music
tt0065492,Brewster McCloud
tt5929750,Beatriz at Dinner
tt0069141,Four Times That Night
tt2153963,Tabu
tt0471030,Red Road
tt0103793,Benny's Video
tt3982118,Adam Green's Aladdin
tt0145937,Naqoyqatsi
tt9352926,The Sound of Silence
tt0075931,Demon Seed
tt0087075,The Company of Wolves
tt10481868,Black Christmas
tt1592281,Take This Waltz
tt1951216,The Look of Love
tt0009968,Broken Blossoms
tt0368774,The Heart Is Deceitful Above All Things
tt0074857,Man on the Roof
tt0446029,Scott Pilgrim vs. the World
tt0067656,A Bay of Blood
tt4692242,Arabian Nights: Volume 3 - The Enchanted One
tt0112688,Clockers
tt0037635,Dead of Night
tt0079271,Hardcore
tt0082926,Polyester
tt0063850,If....
tt0053390,Floating Weeds
tt0056905,Les Carabiniers
tt1424797,I Killed My Mother
tt0199626,In the Cut
tt0048272,Dreams
tt0039871,One Wonderful Sunday
tt6205872,Assassination Nation
tt9639470,Last Night in Soho
tt1754367,Post Tenebras Lux
tt6725014,Scenes from a Marriage
tt0093393,The Last of England
tt0080539,City of Women
tt0090848,The Clan of the Cave Bear
tt0071359,Immoral Tales
tt2570858,The Duke of Burgundy
tt0089114,Explorers
tt1922777,Sinister
tt5259822,Tesla
tt8745960,Daniel Isn't Real
tt0199898,Old Master Q 2001
tt0075612,Three Women
tt1045670,Happy-Go-Lucky
tt0047034,Godzilla
tt0079701,Graduate First
tt0119237,Gummo
tt0064536,Katzelmacher
tt0063633,The Cremator
tt8847712,The French Dispatch
tt0018526,Underworld
tt2364949,Touchy Feely
tt1235796,Ondine
tt0113409,In the Mouth of Madness
tt3289728,Equals
tt1327827,One Hundred Mornings
tt9595506,So Pretty
tt0104692,The Lawnmower Man
tt0057358,Winter Light
tt5314118,Journeyman
tt0080806,Golem
tt0477731,Syndromes and a Century
tt0067699,A Safe Place
tt0142257,Horrors of Malformed Men
tt6169694,I Think We're Alone Now
tt0275491,Bad Education
tt0106226,The Age of Innocence
tt2094064,Much Ado About Nothing
tt7328154,Holiday
tt2043933,Night Moves
tt0491747,Away from Her
tt0066214,Performance
tt0061912,"Love Affair, or The Case of the Missing Switchboard Operator"
tt0051365,The Magician
tt1971352,Compliance
tt3395582,Sun Choke
tt8338762,The Nest
tt0074851,The Man Who Fell to Earth
tt0062480,Weekend
tt0062861,Danger: Diabolik
tt0115736,Bound
tt0117107,Mulholland Falls
tt0060390,Fahrenheit 451
tt0068817,Lone Wolf and Cub: Baby Cart to Hades
tt7422822,Greener Grass
tt7262882,Master Z: The Ip Man Legacy
tt0098724,"Sex, Lies, and Videotape"
tt0071115,Alice Doesn't Live Here Anymore
tt8128188,High Flying Bird
tt1235841,Sidewalls
tt0055572,A Woman Is a Woman
tt0053772,The Devil's Eye
tt0059346,Invasion of Astro-Monster
tt0061648,Far from the Madding Crowd
tt0112604,Butterfly Kiss
tt4291590,Évolution
tt1274300,The Tempest
tt0079083,The Third Generation
tt0269587,Mysterious Object at Noon
tt0097814,Kiki's Delivery Service
tt0065143,The Bird with the Crystal Plumage
tt0377091,Mean Creek
tt4273292,Under the Shadow
tt0099053,Archangel
tt2258281,Beyond the Hills
tt2937898,A Most Violent Year
tt0116334,For Ever Mozart
tt3480822,Black Widow
tt4468634,Certain Women
tt0058409,Gate of Flesh
tt10539608,The Midnight Sky
tt0065119,A Quiet Place in the Country
tt0164085,Limbo
tt0118845,Happy Together
tt5666304,The Little Hours
tt7349910,Nightmare Cinema
tt0067975,What's the Matter with Helen?
tt0080923,Inferno
tt0056119,La Jetée
tt0080117,The Wanderers
tt0220627,Maelstrom
tt0411195,Breakfast on Pluto
tt0082661,Lili Marleen
tt1224366,Afterschool
tt0082427,The Funhouse
tt2195548,Prince Avalanche
tt0076740,Sorcerer
tt0047876,Il Bidone
tt6793280,The Devil's Doorway
tt0067805,Sunday Bloody Sunday
tt0192194,Julien Donkey-Boy
tt0049038,Bus Stop
tt0074147,Face to Face
tt0155711,Flawless
tt0097555,I Want to Go Home
tt0012364,The Phantom Carriage
tt10808832,Let Them All Talk
tt0042265,The Blue Lamp
tt4687856,Siberia
tt1595656,To the Wonder
tt7026488,Come True
tt5225338,The Eyes of My Mother
tt5657856,Brawl in Cell Block 99
tt0085426,The Last Battle
tt0110171,I Can't Sleep
tt0059229,Juliet of the Spirits
tt0110998,River of Grass
tt0109384,Down to Earth
tt0107468,M. Butterfly
tt2733258,The Strange Color of Your Body's Tears
tt0038675,Crisis
tt8299768,Blow the Man Down
tt0063991,Age of Consent
tt0059095,The 10th Victim
tt0106342,The Bride with White Hair
tt0085809,Koyaanisqatsi
tt0488905,The Banishment
tt9606374,On the Rocks
tt0077889,Magic
tt8893974,Passing
tt0047673,White Christmas
tt0783608,The Walker
tt2345737,The Rover
tt0097940,Mystery Train
tt0058567,Blood and Black Lace
tt0361668,Gozu
tt1318517,The Man Who Killed Don Quixote
tt0365737,Syriana
tt0060959,Daisies
tt0300214,Morvern Callar
tt5814592,The Party
tt5691670,Under the Silver Lake
tt0057490,The Servant
tt0072848,The Day of the Locust
tt0044811,Kvinnors väntan
tt0071362,The Body
tt0088919,Chronos
tt9000224,The Assistant
tt0036341,The Seventh Victim
tt0098327,The Seventh Continent
tt0073822,The Magic Flute
tt5563324,Intrusion
tt0084654,Veronika Voss
tt0096251,Tetsuo: The Iron Man
tt1659337,The Perks of Being a Wallflower
tt2639336,Greta
tt9231040,First Cow
tt4712076,The Long Dumb Road
tt0060794,"Kill, Baby... Kill!"
tt0068816,Lone Wolf and Cub: Baby Cart at the River Styx
tt0040622,Music in Darkness
tt0086994,Boy Meets Girl
tt0066491,Tristana
tt3066630,The Forbidden Room
tt0765120,My Blueberry Nights
tt5795086,Gemini
tt1748207,Sound of My Voice
tt0105569,Tetsuo II: Body Hammer
tt3463106,The Cured
tt5805752,Brigsby Bear
tt1650048,Laurence Anyways
tt0053279,Le signe du lion
tt5912454,Blue Jay
tt0039090,No Regrets for Our Youth
tt4645368,It's Only the End of the World
tt0087800,A Nightmare on Elm Street
tt1181614,Wuthering Heights
tt0082533,The Howling
tt0040418,Port of Call
tt0088196,Streetwise
tt0382189,My Summer of Love
tt0302674,Gerry
tt1176740,Away We Go
tt0093560,The Monster Squad
tt0086543,The 4th Man
tt0089173,Friday the 13th: A New Beginning
tt0082776,Ms .45
tt1742336,Your Sister's Sister
tt0064118,The Damned
tt1617620,A Horrible Way to Die
tt0104073,Deep Cover
tt1379182,Dogtooth
tt0038468,It Rains on Our Love
tt0067963,Wat zien ik
tt7137380,Destroyer
tt0068815,Lone Wolf and Cub: Sword of Vengeance
tt5662106,Lemonade
tt0034587,Cat People
tt0070948,Zardoz
tt9026524,Bliss
tt0054371,"The 1,000 Eyes of Dr. Mabuse"
tt5913798,Wounds
tt0067959,Walkabout
tt6294822,The Post
tt0089153,Flesh+Blood
tt0071565,Godzilla vs. Mechagodzilla
tt8332666,Tone-Deaf
tt1226681,Pontypool
tt0342735,Manderlay
tt0103767,Baraka
tt2243389,I'm So Excited!
tt5085924,Wildling
tt0067861,The Death of Maria Malibran
tt0067633,Punishment Park
tt0065955,A Love Story
tt6101602,Madeline's Madeline
tt7076834,Satan's Slaves
tt0093512,Maurice
tt0111149,Shallow Grave
tt0045891,How to Marry a Millionaire
tt4303340,I Am Not a Serial Killer
tt0092796,Creepshow 2
tt0052667,"Caltiki, the Immortal Monster"
tt6136430,Ferrante Fever
tt0096522,Ballet
tt0102943,Slacker
tt0088184,Stranger Than Paradise
tt0247425,In the Bedroom
tt0081554,Stardust Memories
tt0119223,Great Expectations
tt6803046,The Vast of Night
tt5112578,Super Dark Times
tt0422491,The Intruder
tt0061643,Fando and Lis
tt11140488,The Wolf of Snow Hollow
tt0113952,The Neon Bible
tt1233334,Pariah
tt5057140,Hold the Dark
tt2101383,Knight of Cups
tt0470705,Bug
tt0042200,Annie Get Your Gun
tt5700182,Starfish
tt0125108,Take Me Away!
tt0067236,The Iguana with the Tongue of Fire
tt0058333,The Masque of the Red Death
tt2392830,A Quiet Passion
tt0804461,Death Sentence
tt0073198,"Jeanne Dielman, 23, quai du commerce, 1080 Bruxelles"
tt3279176,Suburban Gothic
tt0112643,Castle Freak
tt9058654,Dinner in America
tt0048933,Street of Shame
tt1859446,Alps
tt1232776,Fish Tank
tt0083000,Road Games
tt1067765,Adult World
tt0362246,Tiresia
tt11908982,Jakob's Wife
tt2023690,Sightseers
tt0387564,Saw
tt0107175,"Oh, Woe Is Me"
tt5613484,Mid90s
tt0115734,Bottle Rocket
tt6910282,Bergman Island
tt0044391,The Bad and the Beautiful
tt5635086,God's Own Country
tt5536610,Private Life
tt0068883,Ludwig
tt0120834,Snow Falling on Cedars
tt0829193,Honeydripper
tt0063127,The Immortal Story
tt4411234,Slice
tt0062457,The Thief of Paris
tt0089366,Hail Mary
tt0015202,The Hands of Orlac
tt0091276,Invaders from Mars
tt0064793,The Passion of Anna
tt5208216,Wonderstruck
tt3283556,Land Ho!
tt0071141,Ali: Fear Eats the Soul
tt0073858,The Lost Honor of Katharina Blum
tt2668150,Ruined Heart: Another Lovestory Between a Criminal & a Whore
tt4677924,Woodshock
tt0068732,Images
tt0092618,Barfly
tt0423409,Tristram Shandy
tt0092991,Evil Dead II
tt3655522,Girlhood
tt0756206,Container
tt1426352,Amer
tt9214832,Emma.
tt0097742,Licence to Kill
tt0066315,Roy Colt & Winchester Jack
tt1726669,Killer Joe
tt0838221,The Darjeeling Limited
tt0398027,Down in the Valley
tt2870708,Wish I Was Here
tt5034838,Godzilla vs. Kong
tt0045935,Gate of Hell
tt0964185,Tetro
tt0077914,Martin
tt11614912,She Dies Tomorrow
tt0114788,The Underneath
tt1216520,Womb
tt0453383,Next Door
tt0022698,Blonde Venus
tt0075404,The Ascent
tt0090798,Caravaggio
tt0040662,Oliver Twist
tt0104473,IP5: The Island of Pachyderms
tt1242599,Bellflower
tt0071508,Flesh for Frankenstein
tt0157503,Drop Dead Gorgeous
tt0415127,The Man from London
tt0067800,Straw Dogs
tt0039539,Krakatit
tt2551428,Lasting
tt5278832,The Lure
tt5154288,Prevenge
tt1602620,Amour
tt0068278,The Bitter Tears of Petra von Kant
tt0056663,Vivre Sa Vie
tt0038160,They Were Expendable
tt2112293,The Comedy
tt1183665,Cracks
tt0058898,Alphaville
tt9601220,Black Bear
tt0878695,Murder Party
tt0053270,Shadows
tt0081613,The Tempest
tt1959332,American Mary
tt0091830,Summer
tt0091867,A Room with a View
tt3174376,Before I Wake
tt0076452,News from Home
tt0346094,Distant
tt4139124,Keanu
tt0079095,The Marriage of Maria Braun
tt0063571,Secret Ceremony
tt1954315,Borgman
tt2382320,No Time to Die
tt0165854,The Limey
tt1833844,Berberian Sound Studio
tt0071458,Effi Briest
tt0086199,Crime and Punishment
tt6753132,Chained for Life
tt1183732,Tokyo Gore Police
tt0051980,The Ballad of Narayama
tt0084434,An Officer and a Gentleman
tt0091759,Dead Man's Letters
tt0077474,The Driver
tt0041719,Orpheus
tt1660379,House of Tolerance
tt0107211,Indecent Proposal
tt1226236,I Am Love
tt1103982,The Girlfriend Experience
tt0105275,Romper Stomper
tt0054130,La Notte
tt0062395,The Trip
tt6241768,Snowbound
tt0038182,The Men Who Tread on the Tiger's Tail
tt0067927,Vanishing Point
tt0109020,71 Fragments of a Chronology of Chance
tt0042958,Scandal
tt0053220,Ride Lonesome
tt7886936,Dating Amber
tt4439102,Officer Downe
tt0080569,Cruising
tt0158714,Lady Snowblood
tt0070957,Tenderness of the Wolves
tt0071910,The Night Porter
tt3021360,Faults
tt0200071,Rosetta
tt1571739,This Movie Is Broken
tt5990474,Columbus
tt5907916,Yourself and Yours
tt10944760,Titane
tt1731697,The Lords of Salem
tt0052700,Compulsion
tt0100456,The Rainbow Thief
tt0067549,The Panic in Needle Park
tt5962210,Ingrid Goes West
tt0069704,American Graffiti
tt3529656,Meadowland
tt0360130,Undertow
tt2626964,Catch Me Daddy
tt1405809,Lourdes
tt1571249,The Skeleton Twins
tt3955894,Girl Asleep
tt4957538,The Whispering Star
tt3204632,Like Me
tt0050766,Curse of the Demon
tt3813310,Cop Car
tt0075334,To the Devil a Daughter
tt7557108,Saint Maud
tt0244316,Yi Yi: A One and a Two...
tt0060429,Frankie and Johnny
tt0069228,The Scarlet Letter
tt0404802,The Notorious Bettie Page
tt0048127,Godzilla Raids Again
tt0034891,In Which We Serve
tt1213648,London Boulevard
tt8151874,Honey Boy
tt0118789,Buffalo '66
tt0112654,One Hundred and One Nights
tt1464763,Mute
tt6859762,The Little Stranger
tt0337876,Birth
tt0065391,The American Soldier
tt7078658,The Day Shall Come
tt0067893,Two-Lane Blacktop
tt0050330,The Lower Depths
tt0222396,Johnny Colt
tt0061452,Casino Royale
tt0045719,Eaux d'artifice
tt0089537,Mala Noche
tt7339248,The Art of Self-Defense
tt0470967,Voice
tt0018770,The Fall of the House of Usher
tt0054821,Le Doulos
tt0067778,Murmur of the Heart
tt0070698,Sisters
tt0102757,The Rapture
tt0210302,Gemini
tt0486051,Wind Chill
tt3553976,Captain Fantastic
tt0054460,The Bad Sleep Well
tt0058379,Mothra vs. Godzilla
tt0095475,Damnation
tt0020641,Anna Christie
tt0058625,Woman in the Dunes
tt0066098,Death Occurred Last Night
tt0497137,"I'm a Cyborg, But That's OK"
tt0077651,Halloween
tt0051390,Cairo Station
tt0065808,Gods of the Plague
tt0061655,The Fearless Vampire Killers
tt0453548,Snow Angels
tt5173032,Buster's Mal Heart
tt0056291,Knife in the Water
tt0063671,Targets
tt5503686,Hustlers
tt5700176,Dark River
tt1640548,Rampart
tt0064757,On Her Majesty's Secret Service
tt0112744,The Crossing Guard
tt6418778,Fast Color
tt0060268,Cul-de-sac
tt4462082,Counting
tt0176269,Universal Soldier: The Return
tt2967008,The Face of an Angel
tt10746060,The Mad Hatter
tt0212712,2046
tt0085640,Hammett
tt8633464,After Yang
tt7149730,The Silencing
tt0077631,Grease
tt0878674,Garage
tt0099528,The Exorcist III
tt0089603,Mishima: A Life in Four Chapters
tt0090264,A View to a Kill
tt2490326,Cooties
tt3312830,Youth
tt0061495,The Collector
tt0067309,Klute
tt0093267,Intervista
tt0202559,A Room for Romeo Brass
tt0062893,Dillinger Is Dead
tt0057207,Judex
tt3409848,Zama
tt0082089,Body Heat
tt0075177,Sebastiane
tt2230358,Curse of Chucky
tt0794338,Sakuran
tt4692234,Arabian Nights: Volume 2 - The Desolate One
tt0075936,Desperate Living
tt0048499,La Pointe Courte
tt0801526,The Tracey Fragments
tt0048198,I Live in Fear
tt0080453,The Blue Lagoon
tt0079759,Orchestra Rehearsal
tt0071970,The Parallax View
tt0065224,Wonderwall
tt0101258,Days of Being Wild
tt0154683,Jigoku
tt0913425,Broken Embraces
tt6852872,Elizabeth Harvest
tt0091497,Bad Blood
tt0467406,Juno
tt2172584,Maps to the Stars
tt0120391,TwentyFourSeven
tt0039677,Odd Man Out
tt0062453,Viy
tt0080661,Dressed to Kill
tt2382009,Nymphomaniac: Vol. II
tt2347569,Frances Ha
tt0079770,Quintet
tt0069398,Tout Va Bien
tt0157016,I Stand Alone
tt0077729,In a Year with 13 Moons
tt0049456,Lust for Life
tt0063522,Rosemary's Baby
tt2091473,Promised Land
tt0091860,River's Edge
tt0054067,Black Sunday
tt0841925,Silent Light
tt0089714,"O-Bi, O-Ba: The End of Civilization"
tt4255304,The Void
tt1440266,Pina
tt0479341,Adam Resurrected
tt0091983,Something Wild
tt0072643,Anatomie d'un rapport
tt0063278,Marketa Lazarová
tt0418773,Junebug
tt0061761,Herostratus
tt0060877,Queen of Blood
tt0102494,My Own Private Idaho
tt0091635,9½ Weeks
tt2474976,The Hallow
tt2099556,Antiviral
tt0096218,Tales from the Gimli Hospital
tt0367594,Charlie and the Chocolate Factory
tt1486190,Tamara Drewe
tt2929652,Road Games
tt0239670,Mortal Transfer
tt2389182,Cheap Thrills
tt0073298,Lisztomania
tt0107474,Madadayo
tt0077421,Despair
tt2365580,"Where'd You Go, Bernadette"
tt7545566,Skate Kitchen
tt0068833,The Last House on the Left
tt0057869,Band of Outsiders
tt0104352,Godzilla and Mothra: The Battle for Earth
tt0083745,"Come Back to the 5 & Dime Jimmy Dean, Jimmy Dean"
tt0103759,Bad Lieutenant
tt2980210,A Hologram for the King
tt0042692,Variety Lights
tt7740496,Nightmare Alley
tt3104930,Da Sweet Blood of Jesus
tt2972828,Rol
tt0049470,The Man Who Knew Too Much
tt4083572,Urge
tt0270707,The Truth About Charlie
tt1506999,Haywire
tt0120263,Songs from the Second Floor
tt4814760,Here Alone
tt0396184,Pusher II
tt5960374,Vox Lux
tt6516314,Piercing
tt0060261,The Hellbenders
tt0045848,Sawdust and Tinsel
tt1745787,The Tribe
tt2179116,The Kings of Summer
tt0404030,Everything Is Illuminated
tt2937696,Everybody Wants Some!!
tt0063049,Head
tt0079482,Long Weekend
tt2328922,It Felt Like Love
tt0066249,The Private Life of Sherlock Holmes
tt1712192,Message from the King
tt0074626,Heart of Glass
tt0095497,The Last Temptation of Christ
tt3093522,Cymbeline
tt0091507,Mélo
tt0062512,You Only Live Twice
tt0036400,Sanshiro Sugata
tt1251725,Bunny and the Bull
tt0254455,Sex and Lucía
tt0096257,The Thin Blue Line
tt0356721,I Heart Huckabees
tt0092593,"Goodbye, Children"
tt6439020,The Personal History of David Copperfield
tt0069210,Salomè
tt0114681,To Die For
tt0070328,Live and Let Die
tt7946216,Depraved
tt0082398,For Your Eyes Only
tt0143428,Lone Wolf and Cub: Baby Cart in the Land of Demons
tt1488163,Trash Humpers
tt0298744,Auto Focus
tt1437357,Faust
tt1561768,Essential Killing
tt0061328,Accident
tt0094868,Chocolat
tt0073424,Mother Kusters Goes to Heaven
tt4266638,Krisha
tt0014417,The Wheel
tt1022885,The Scouting Book for Boys
tt3976144,The Monster
tt7978758,Apollo 10½: A Space Age Childhood
tt2547584,The Light Between Oceans
tt0086216,Rumble Fish
tt0862467,Valhalla Rising
tt4594834,Chi-Raq
tt4392770,Always Shine
tt0101026,Tie Me Up! Tie Me Down!
tt0181912,Éloge de l'amour
tt0073535,The Night Caller
tt0092133,Under the Cherry Moon
tt0099740,Hardware
tt4381236,The Greasy Strangler
tt5073642,Color Out of Space
tt0097444,Godzilla vs. Biollante
tt0058124,All These Women
tt0081323,"Pepi, Luci, Bom and Other Girls Like Mom"
tt0413893,Cha no aji
tt0075276,Stroszek
tt9893250,I Care a Lot
tt1034415,Suspiria
tt0085482,El Norte
tt0068805,The King of Marvin Gardens
tt6217926,Annette
tt2656588,Buzzard
tt0065148,One on Top of the Other
tt0091096,Ga-ga: Glory to the Heroes
tt0111495,Three Colors: Red
tt8529134,Ham on Rye
tt11056910,The Stylist
tt1206485,Nuit de chien
tt0117040,Microcosmos
tt0074812,Logan's Run
tt4614612,Peterloo
tt5973364,Lemon
tt0318374,The Cooler
tt1703148,The Hunter
tt0090907,The Horse Thief
tt0074285,Carrie
tt0115685,The Birdcage
tt7913172,Grass
tt0074168,Return of the Prodigal Son
tt8122018,"Happy New Year, Colin Burstead"
tt0129332,Ravenous
tt10919380,Freaky
tt1285009,The Strangers: Prey at Night
tt0063803,Who's That Knocking at My Door
tt0063198,Kôshikei
tt0087129,Decoder
tt0070122,Godzilla vs. Megalon
tt0104753,The Long Day Closes
tt0346800,Cowards Bend the Knee
tt0173024,Visitor of a Museum
tt0087995,Repo Man
tt0076221,Jabberwocky
tt7858616,Luz
tt2383068,The Sacrament
tt0039834,A Ship to India
tt0073373,Terror of Mechagodzilla
tt1912398,God Bless America
tt10986222,C'mon C'mon
tt1600524,Heartbeats
tt4567486,The Mind's Eye
tt0101798,Edward II
tt1588895,Uncle Boonmee Who Can Recall His Past Lives
tt0076855,"One Sings, the Other Doesn't"
tt0071950,Footprints on the Moon
tt0090670,At Close Range
tt0077383,Family Nest
tt6212496,Mr. Roosevelt
tt0102816,Center Stage
tt1022603,500 Days of Summer
tt0073045,"""Giliap"""
tt0084565,Querelle
tt0780608,Smiley Face
tt0117561,Schizopolis
tt0046345,Summer with Monika
tt0360845,Notre musique
tt0264508,Dagon
tt0090180,To Live and Die in L.A.
tt8332922,A Quiet Place Part II
tt1197628,Observe and Report
tt1924394,The Angels' Share
tt1989593,Red Hook Summer
tt0069495,"What's Up, Doc?"
tt0085878,The Moon in the Gutter
tt1316540,The Turin Horse
tt0040558,Macbeth
tt0446719,Isolation
tt3824412,Results
tt0081204,Mur murs
tt7768846,Pass Over
tt2262161,Sunset Song
tt7939766,I'm Thinking of Ending Things
tt0064591,Lions Love (... and Lies)
tt0091142,Gothic
tt0099292,The Comfort of Strangers
tt0079854,Every Man for Himself
tt6014904,The Strange Ones
tt0061196,Krylya
tt0067361,A Lizard in a Woman's Skin
tt0066735,Four Flies on Grey Velvet
tt0423034,Ranpo jigoku
tt3450900,The Sea of Trees
tt1480285,Abattoir
tt1922561,The Day He Arrives
tt5918982,Possessor
tt4799064,Mindhorn
tt0104029,Cronos
tt0078111,Pretty Baby
tt0069050,The Other
tt1129435,The Beaches of Agnès
tt1158939,Never Grow Old
tt5462326,Mom and Dad
tt0799934,Be Kind Rewind
tt1666168,Outside Satan
tt0074860,Marathon Man
tt0034398,The Wolf Man
tt8020896,An Elephant Sitting Still
tt2371834,Paradise: Hope
tt0087193,After the Rehearsal
tt4876302,Collective: Unconscious
tt0069865,Charley Varrick
tt3125652,Pasolini
tt0079871,Scum
tt0084725,The State of Things
tt0066517,"Cuadecuc, vampir"
tt3067274,The Editor
tt0064106,Le Boucher
tt0069089,Pink Flamingos
tt0048641,Smiles of a Summer Night
tt2208216,Vanishing Waves
tt0055623,Wild in the Country
tt0091818,Radioactive Dreams
tt4048272,Toni Erdmann
tt0247380,The Gleaners & I
tt0120255,The Sweet Hereafter
tt4954522,Raw
tt0087855,Almanac of Fall
tt1883180,A Pigeon Sat on a Branch Reflecting on Existence
tt0056142,King Kong vs. Godzilla
tt4238858,The Fits
tt0058701,Une Femme Mariée
tt3672742,Turbo Kid
tt0058279,Kwaidan
tt0073580,The Passenger
tt0961066,Everlasting Moments
tt0090644,Anguish
tt0109529,Dance Me Outside
tt2292959,The Canyons
tt3563262,Submergence
tt6426028,Knife + Heart
tt0078908,The Brood
tt0060263,The Creatures
tt0876563,Ponyo
tt3172532,The Diary of a Teenage Girl
tt0076240,Jubilee
tt0067756,Silent Running
tt0050894,The Revenge of Frankenstein
tt0043048,To Joy
tt0036947,The Most Beautiful
tt4900708,Creepy
tt0060304,2 or 3 Things I Know About Her
tt1935179,Mud
tt0468526,Old Joy
tt6518270,An Evening with Beverly Luff Linn
tt0102141,Jacquot de Nantes
tt2718492,Ida
tt6423776,Let the Sunshine In
tt0022835,Dr. Jekyll and Mr. Hyde
tt2402105,Dom Hemingway
tt1692504,We Are the Night
tt0072157,Lady Snowblood 2: Love Song of Vengeance
tt0091064,The Fly
tt10370710,The Worst Person in the World
tt0033804,The Lady Eve
tt0061473,La Chinoise
tt0090197,In a Glass Cage
tt0158493,Belly
tt3510452,Misunderstood
tt2034031,Laggies
tt8508734,His House
tt0322824,Japón
tt0064276,Easy Rider
tt0074883,Maîtresse
tt0072274,Thieves Like Us
tt0472458,Dumplings
tt0084228,Labyrinth of Passion
tt0103926,Careful
tt0067677,Rio das Mortes
tt0054632,Last Year at Marienbad
tt3294200,The Falling
tt2580382,The Survivalist
tt0060879,"Who Are You, Polly Maggoo?"
tt7374952,El Chicano
tt0038268,"Sanshiro Sugata, Part Two"
tt0066982,Demons of the Mind
tt0053825,Flaming Star
tt1161418,Gentlemen Broncos
tt1421051,Somewhere
tt6304046,Thelma
tt4694518,Domain
tt0091406,Dust in the Wind
tt6194530,Ava
tt2371824,Paradise: Faith
tt5607714,On Body and Soul
tt0086022,Nostalghia
tt9086228,Gretel & Hansel
tt0096416,War Requiem
tt0068503,Dr. Phibes Rises Again
tt1690455,Dark Horse
tt1477837,Cedar Rapids
tt0317171,Blissfully Yours
tt0775529,The Savages
tt0070643,Scarecrow
tt10342730,Spiral
tt0119349,The Ice Storm
tt0102511,Naked Lunch
tt0018737,Pandora's Box
tt7772582,Never Rarely Sometimes Always
tt0116488,Hard Core Logo
tt0375233,Innocence
tt0475984,Mister Lonely
tt0086034,Octopussy
tt0109916,Godzilla vs. SpaceGodzilla
tt0088722,The Angelic Conversation
tt0072271,The Texas Chain Saw Massacre
tt0013257,Häxan
tt1065073,Boyhood
tt0062765,Bullitt
tt0069019,Don't Torture a Duckling
tt1068641,The Burning Plain
tt0091083,From Beyond
tt0082269,Diva
tt0069687,Alice in the Cities
tt1758810,The Snowman
tt0954947,The Killer Inside Me
tt1989712,In Another Country
tt0171359,Hamlet
tt7476810,Dead Pigs
tt4042818,The Death & Life of John F. Donovan
tt1935896,The ABCs of Death
tt0218581,Scarlet Diva
tt2017038,All Is Lost
tt0454792,Bubble
tt0064068,Funeral Parade of Roses
tt8361028,Cam
tt0066262,Puzzle of a Downfall Child
tt0289043,28 Days Later...
tt11525644,No Sudden Move
tt0088172,Starman
tt0373450,Where the Truth Lies
tt0019760,Man with a Movie Camera
tt6164502,November
tt1682246,Girl Walks Into a Bar
tt12708658,"Paris, 13th District"
tt1403214,Paradise: Love
tt0279113,The Good Girl
tt0342272,Dear Wendy
tt0067454,Multiple Maniacs
tt0425379,Pusher III
tt0058725,Viva Las Vegas
tt0087004,The Brother from Another Planet
tt0084695,The Slumber Party Massacre
tt6127004,Paradise Hills
tt0111040,Russian Symphony
tt0066019,Lucifer Rising
tt0106642,From the East
tt0082252,The Decline of Western Civilization
tt0116503,Head of the Family
tt13429362,In the Earth
tt0082639,"Ladies and Gentlemen, the Fabulous Stains"
tt0071338,Cockfighter
tt0072195,Space Is the Place
tt0078054,Beauty and the Beast
tt0100369,The Pit and the Pendulum
tt0036154,Meshes of the Afternoon
tt2107648,Here Comes the Devil
tt0190542,Madonna and Child
tt0084099,Human Highway
tt0100332,Paris Is Burning
tt0073076,Grey Gardens
tt0066468,Emperor Tomato Ketchup
tt2394063,Too Late
tt0165623,Angst
tt0113187,Godzilla vs. Destoroyah
tt0833557,Visioneers
